{
    "active_split": "train_split",
    "camera_end": [
        3.273894318558039,
        9.893401499831718,
        4.024443559377993
    ],
    "camera_start": [
        7.525675149859538,
        6.385437378221454,
        4.047938301796378
    ],
    "dynamic_assets": {
        "0": {
            "id": "Ecoforms_Plant_Container_FB6_Tur",
            "position": [
                -5.273992915675603,
                -3.5337355063250153,
                4.232516993123767
            ],
            "quaternion": [
                -0.056132888331273965,
                -0.7459302076865951,
                0.08641472765605666,
                0.6580043456941232
            ],
            "scale": 1.0249678455968294,
            "velocity": [
                1.7315054184907774,
                2.0688898383931096,
                0.0
            ]
        },
        "1": {
            "id": "Dog",
            "position": [
                1.7681478149383887,
                2.7588423947234535,
                4.3865918034389
            ],
            "quaternion": [
                -0.2978963236766595,
                -0.09153264545413495,
                0.017151807534603686,
                -0.9500449308608485
            ],
            "scale": 1.8963504851815762,
            "velocity": [
                -4.0692087784848985,
                0.09246532743796543,
                0.0
            ]
        },
        "2": {
            "id": "NAPA_VALLEY_NAVAJO_SANDAL",
            "position": [
                0.8841432277500605,
                -1.1949062224465035,
                5.233963055551613
            ],
            "quaternion": [
                -0.5735216660589966,
                0.5523313896169897,
                0.5986905383190446,
                -0.08702053741462663
            ],
            "scale": 1.7560149431447758,
            "velocity": [
                -3.880849024005388,
                4.008075483906467,
                0.0
            ]
        },
        "3": {
            "id": "Tory_Burch_Reva_Metal_Logo_Litus_Snake_Print_in_dark_BranchGold",
            "position": [
                2.4085611919526944,
                0.811278581381365,
                3.1134804029307386
            ],
            "quaternion": [
                -0.19535351181653468,
                -0.06049980708982701,
                -0.7573214203509162,
                -0.6201943606972832
            ],
            "scale": 2.889905059009753,
            "velocity": [
                -7.639389505981443,
                0.27904312469018233,
                0.0
            ]
        },
        "4": {
            "id": "Simon_Swipe_Game",
            "position": [
                1.4714209960805151,
                -1.1114963352842402,
                3.4385706893509167
            ],
            "quaternion": [
                0.0010644252145792783,
                0.40391834058257586,
                0.13471103712582366,
                -0.9048214064755904
            ],
            "scale": 2.8290103035629355,
            "velocity": [
                -1.198382836541346,
                6.000337719255059,
                0.0
            ]
        }
    },
    "flags": {
        "assets_path": null,
        "backgrounds_split": "train",
        "camera": "linear_movement_linear_lookat",
        "camera_inner_radius": 9.59183539281247,
        "camera_outer_radius": 14.59183539281247,
        "config_path": null,
        "dynamic_spawn_region": [
            [
                -6.59183539281247,
                -6.59183539281247,
                1.3183670785624941
            ],
            [
                6.59183539281247,
                6.59183539281247,
                6.59183539281247
            ]
        ],
        "floor_friction": 0.3,
        "floor_restitution": 0.5,
        "frame_end": 21,
        "frame_rate": 12,
        "frame_start": 1,
        "gso_assets": "gs://kubric-public/assets/GSO/GSO.json",
        "hdri_assets": "gs://kubric-public/assets/HDRI_haven/HDRI_haven.json",
        "job_dir": "output/kubrick_nk_candidates/069",
        "key_outputs": [
            "rgba",
            "forward_flow"
        ],
        "kubasic_assets": "gs://kubric-public/assets/KuBasic/KuBasic.json",
        "logging_level": "INFO",
        "max_camera_movement": 10.0,
        "max_motion_blur": 0.0,
        "max_num_dynamic_objects": 6.59183539281247,
        "max_num_static_objects": 26.36734157124988,
        "min_camera_movement": 0.0,
        "min_motion_blur": 0.0,
        "min_num_dynamic_objects": 1.3183670785624941,
        "min_num_static_objects": 13.18367078562494,
        "objects_split": "train",
        "random_flags": true,
        "resolution": "960x540",
        "save_state": false,
        "scratch_dir": "/tmp/tmpzb89sj61",
        "seed": null,
        "static_spawn_region": [
            [
                -9.22856954993746,
                -9.22856954993746,
                0.0
            ],
            [
                9.22856954993746,
                9.22856954993746,
                13.18367078562494
            ]
        ],
        "step_rate": 480,
        "velocity_range": [
            [
                -5.2734683142499765,
                -5.2734683142499765,
                0.0
            ],
            [
                5.2734683142499765,
                5.2734683142499765,
                0.0
            ]
        ]
    },
    "hdri_id": "je_gray_park",
    "lookat_end": [
        -0.4388659309839571,
        1.6768352058990255,
        0.0669003219452193
    ],
    "lookat_start": [
        1.0053022277690413,
        -1.618552010463417,
        0.607471420983571
    ],
    "motion_blur": 0.0,
    "num_dynamic_objects": 5,
    "num_static_objects": 17,
    "static_assets": {
        "0": {
            "id": "Womens_Bluefish_2Eye_Boat_Shoe_in_White_Tumbled_YG44xIePRHw",
            "position": [
                5.004585296922306,
                -7.295912138507473,
                8.878995184516748
            ],
            "quaternion": [
                0.5929633903618687,
                0.015694955084154024,
                0.6904884887068391,
                0.41397310666130216
            ],
            "scale": 1.937743550443922
        },
        "1": {
            "id": "Super_Mario_3D_World_Deluxe_Set_yThuvW9vZed",
            "position": [
                -6.418261122454725,
                4.726610285291681,
                5.382516606207898
            ],
            "quaternion": [
                0.927286304152978,
                0.06289262774197471,
                -0.2846620097285369,
                0.23484498658334285
            ],
            "scale": 2.061618491046265
        },
        "10": {
            "id": "Dell_Ink_Cartridge",
            "position": [
                -7.603970033288411,
                -5.182887096451938,
                10.19537936387639
            ],
            "quaternion": [
                -0.18426380918162288,
                0.9105484337044794,
                -0.3658857079328362,
                0.05546212432539059
            ],
            "scale": 1.47982094554131
        },
        "11": {
            "id": "Nestle_Nips_Hard_Candy_Peanut_Butter",
            "position": [
                -2.099153211592249,
                5.670331683545248,
                7.054702354413334
            ],
            "quaternion": [
                0.5190527811364694,
                -0.7424636841145509,
                0.42345247768445826,
                -0.004459518857263347
            ],
            "scale": 1.3291888988179332
        },
        "12": {
            "id": "Ecoforms_Garden_Pot_GP16ATurquois",
            "position": [
                -6.032805305709659,
                -7.231409503878932,
                8.768769489046175
            ],