{
    "active_split": "train_split",
    "camera_end": [
        -4.25889146011899,
        -10.137242113062985,
        8.28088952822602
    ],
    "camera_start": [
        -4.2755800118039,
        -9.861884641921389,
        8.218030570319062
    ],
    "dynamic_assets": {
        "0": {
            "id": "Perricone_MD_Cold_Plasma",
            "position": [
                1.5333178911230831,
                -4.484575035927831,
                2.209291478978351
            ],
            "quaternion": [
                0.6365298439137067,
                -0.5523104130823384,
                -0.33273746151460604,
                0.42316515347181527
            ],
            "scale": 1.5301950842580627,
            "velocity": [
                -2.1409798764280925,
                7.9504807702268305,
                0.0
            ]
        },
        "1": {
            "id": "Reebok_ZIGTECH_SHARK_MAYHEM360",
            "position": [
                2.2480800349727508,
                2.5889844688835693,
                5.001743743047892
            ],
            "quaternion": [
                -0.6263200453811376,
                -0.16205977733725166,
                0.27266152009415107,
                0.7121204426100384
            ],
            "scale": 1.4472483378899565,
            "velocity": [
                -1.3368063692951866,
                2.177180831171315,
                0.0
            ]
        },
        "2": {
            "id": "Canon_Ink_Cartridge_Green_6",
            "position": [
                3.7847290108405085,
                3.3489346373649056,
                4.413704866987133
            ],
            "quaternion": [
                -0.009788043132649367,
                -0.6016162326479074,
                0.40697666942927785,
                -0.6872642092866649
            ],
            "scale": 1.12704017637864,
            "velocity": [
                -0.8657849371114388,
                0.14995266838385568,
                0.0
            ]
        }
    },
    "flags": {
        "assets_path": null,
        "backgrounds_split": "train",
        "camera": "linear_movement",
        "camera_inner_radius": 9.005989328816472,
        "camera_outer_radius": 14.005989328816472,
        "config_path": null,
        "dynamic_spawn_region": [
            [
                -6.005989328816472,
                -6.005989328816472,
                1.2011978657632945
            ],
            [
                6.005989328816472,
                6.005989328816472,
                6.005989328816472
            ]
        ],
        "floor_friction": 0.3,
        "floor_restitution": 0.5,
        "frame_end": 21,
        "frame_rate": 12,
        "frame_start": 1,
        "gso_assets": "gs://kubric-public/assets/GSO/GSO.json",
        "hdri_assets": "gs://kubric-public/assets/HDRI_haven/HDRI_haven.json",
        "job_dir": "output/kubrick_nk_candidates/064",
        "key_outputs": [
            "rgba",
            "forward_flow"
        ],
        "kubasic_assets": "gs://kubric-public/assets/KuBasic/KuBasic.json",
        "logging_level": "INFO",
        "max_camera_movement": 10.0,
        "max_motion_blur": 0.0,
        "max_num_dynamic_objects": 6.005989328816472,
        "max_num_static_objects": 24.02395731526589,
        "min_camera_movement": 0.0,
        "min_motion_blur": 0.0,
        "min_num_dynamic_objects": 1.2011978657632945,
        "min_num_static_objects": 12.011978657632945,
        "objects_split": "train",
        "random_flags": true,
        "resolution": "960x540",
        "save_state": false,
        "scratch_dir": "/tmp/tmphtyjm3en",
        "seed": null,
        "static_spawn_region": [
            [
                -8.408385060343061,
                -8.408385060343061,
                0.0
            ],
            [
                8.408385060343061,
                8.408385060343061,
                12.011978657632945
            ]
        ],
        "step_rate": 240,
        "velocity_range": [
            [
                -4.804791463053178,
                -4.804791463053178,
                0.0
            ],
            [
                4.804791463053178,
                4.804791463053178,
                0.0
            ]
        ]
    },
    "hdri_id": "bush_restaurant",
    "motion_blur": 0.0,
    "num_dynamic_objects": 3,
    "num_static_objects": 20,
    "static_assets": {
        "0": {
            "id": "Reebok_ALLYLYNN",
            "position": [
                -7.399915588423846,
                4.889178268998658,
                2.4403207321069336
            ],
            "quaternion": [
                0.5759758078458028,
                -0.23982105876057158,
                -0.517474356670746,
                0.5856261766174142
            ],
            "scale": 1.4431672229077854
        },
        "1": {
            "id": "Canon_Pixma_Ink_Cartridge_251_M",
            "position": [
                3.712195171957191,
                7.123932130776201,
                6.822450689509766
            ],
            "quaternion": [
                0.7652177293114448,
                0.05701507715517918,
                0.6361557002251327,
                -0.08060417356127766
            ],
            "scale": 1.097416463796109
        },
        "10": {
            "id": "Reebok_DMX_MAX_MANIA_WD_D",
            "position": [
                5.364273437353725,
                -1.8993766238626426,
                9.4958732203086
            ],
            "quaternion": [
                -0.7555489292110584,
                0.4639572780488398,
                -0.23104644293329918,
                0.40063324989496846
            ],
            "scale": 1.2409218681264862
        },
        "11": {
            "id": "FemDophilus",
            "position": [
                4.455266485989535,
                -2.842914705795505,
                4.174250738297788
            ],
            "quaternion": [
                0.2506467548233992,
                -0.8262811669076111,
                -0.39346258838674925,
                0.31563084299588806
            ],
            "scale": 2.9861205827932165
        },
        "12": {
            "id": "Asus_M5A99FX_PRO_R20_Motherboard_ATX_Socket_AM3",
            "position": [
                -1.2143563653440879,
                2.5232975479834368,
                2.622669603715952
            ],
            "quaternion": [
                -0.4823352739928768,
                0.04248016816688437,
                -0.2839671514605557,
                -0.8275933637156038
            ],
            "scale": 1.3950125812750769
        },
        "13": {
            "id": "JarroDophilusFOS_Value_Size",
            "position": [
                4.726216479993782,
                5.2408785315347535,
                1.966700816126575
            ],
            "quaternion": [
                0.7352591663025321,
                -0.009069246136424923,
                -0.42226564825947716,
                0.5300975659655739
            ],
            "scale": 2.770033194578594
        },
        "14": {
            "id": "Utana_5_Porcelain_Ramekin_Large",
            "position": [
                -4.1530014120213385,
                -1.9102830288826924,
                3.0123987023382264
            ],
            "quaternion": [
                -0.037838181631586795,
                -0.8051327905894367,
                0.1623114204296871,
                0.5691963319686615
            ],
            "scale": 2.913666739625181
        },
        "15": {
            "id": "60_CONSTRUCTION_SET",
            "position": [
                7.211804781705807,
                -1.8363145540369175,
                6.734254188830343
            ],
            "quaternion": [
                -0.8341365165808177,
                -0.45430134845101866,
                -0.1802816722468025,
                0.25558770540443065
            ],