{
    "active_split": "train_split",
    "camera_position": [
        -0.5585194755676905,
        -6.613775060736095,
        5.6534637348830605
    ],
    "dynamic_assets": {
        "0": {
            "id": "Home_Fashions_Washcloth_Linen",
            "position": [
                2.939312063618188,
                0.14282532974997242,
                3.665560831308481
            ],
            "quaternion": [
                -0.8883688421295131,
                -0.3471728250119258,
                0.26461950912892723,
                -0.14229668054832736
            ],
            "scale": 2.2766711824025294,
            "velocity": [
                -4.924045393780104,
                -0.022766918730451557,
                0.0
            ]
        },
        "1": {
            "id": "BABY_CAR",
            "position": [
                1.2269628878067653,
                3.8911010224343734,
                4.377679958336511
            ],
            "quaternion": [
                0.9846114149049815,
                0.06486905182828519,
                -0.1561921385744096,
                0.0440043588893423
            ],
            "scale": 1.112244666476232,
            "velocity": [
                -5.015395474272289,
                -0.9832485570948037,
                0.0
            ]
        },
        "2": {
            "id": "Pony_C_Clamp_1440",
            "position": [
                3.39171688971578,
                4.639548157358511,
                5.155299701001738
            ],
            "quaternion": [
                0.0035225772294210597,
                0.5955502347602515,
                -0.7095076312518717,
                -0.3767046993628169
            ],
            "scale": 1.8299345389525863,
            "velocity": [
                -3.4842957071261464,
                -2.593793439768893,
                0.0
            ]
        },
        "3": {
            "id": "Tieks_Ballet_Flats_Diamond_White_Croc",
            "position": [
                6.106285999692679,
                5.128946642340061,
                3.4243900535392933
            ],
            "quaternion": [
                0.2724499978678396,
                -0.036027897250924874,
                0.8434966469269287,
                0.4615044917490178
            ],
            "scale": 1.8726183921452393,
            "velocity": [
                -2.442040597547484,
                -8.866902150814173,
                0.0
            ]
        },
        "4": {
            "id": "Great_Jones_Wingtip",
            "position": [
                -3.3136468219805835,
                -5.300254883372515,
                3.0649314143050517
            ],
            "quaternion": [
                -0.8256741116698963,
                0.4202933634602302,
                -0.33130757890606005,
                0.17846859137904125
            ],
            "scale": 2.5586149917445433,
            "velocity": [
                8.849266035552457,
                9.511540894756127,
                0.0
            ]
        },
        "5": {
            "id": "Mastic_Gum",
            "position": [
                6.544061848834179,
                -5.9952346225038475,
                4.9333373155181945
            ],
            "quaternion": [
                0.3917085024060784,
                -0.48539643987985753,
                -0.4462921701578663,
                0.6416993409304151
            ],
            "scale": 1.5469926798157763,
            "velocity": [
                -10.009315809491072,
                6.173246547340156,
                0.0
            ]
        }
    },
    "flags": {
        "assets_path": null,
        "backgrounds_split": "train",
        "camera": "fixed_random",
        "camera_inner_radius": 10.497769434247441,
        "camera_outer_radius": 15.497769434247441,
        "config_path": null,
        "dynamic_spawn_region": [
            [
                -7.4977694342474415,
                -7.4977694342474415,
                1.4995538868494882
            ],
            [
                7.4977694342474415,
                7.4977694342474415,
                7.4977694342474415
            ]
        ],
        "floor_friction": 0.3,
        "floor_restitution": 0.5,
        "frame_end": 21,
        "frame_rate": 24,
        "frame_start": 1,
        "gso_assets": "gs://kubric-public/assets/GSO/GSO.json",
        "hdri_assets": "gs://kubric-public/assets/HDRI_haven/HDRI_haven.json",
        "job_dir": "output/kubrick_nk_candidates/043",
        "key_outputs": [
            "rgba",
            "forward_flow"
        ],
        "kubasic_assets": "gs://kubric-public/assets/KuBasic/KuBasic.json",
        "logging_level": "INFO",
        "max_camera_movement": 10.0,
        "max_motion_blur": 0.0,
        "max_num_dynamic_objects": 7.4977694342474415,
        "max_num_static_objects": 29.991077736989766,
        "min_camera_movement": 0.0,
        "min_motion_blur": 0.0,
        "min_num_dynamic_objects": 1.4995538868494882,
        "min_num_static_objects": 14.995538868494883,
        "objects_split": "train",
        "random_flags": true,
        "resolution": "960x540",
        "save_state": false,
        "scratch_dir": "/tmp/tmpfsjva_9l",
        "seed": null,
        "static_spawn_region": [
            [
                -10.496877207946417,
                -10.496877207946417,
                0.0
            ],
            [
                10.496877207946417,
                10.496877207946417,
                14.995538868494883
            ]
        ],
        "step_rate": 240,
        "velocity_range": [
            [
                -5.998215547397953,
                -5.998215547397953,
                0.0
            ],
            [
                5.998215547397953,
                5.998215547397953,
                0.0
            ]
        ]
    },
    "hdri_id": "christmas_photo_studio_04",
    "motion_blur": 0.0,
    "num_dynamic_objects": 6,
    "num_static_objects": 15,
    "static_assets": {
        "0": {
            "id": "Olive_Kids_Game_On_Pack_n_Snack",
            "position": [
                4.507661255034396,
                -7.866512859838611,
                2.2312798163031746
            ],
            "quaternion": [
                -0.8059434005559578,
                0.11650033349971742,
                0.5528371599116516,
                -0.17678795777872597
            ],
            "scale": 0.8866785133678405
        },
        "1": {
            "id": "Ortho_Forward_Facing",
            "position": [
                4.416248368959076,
                -3.1335577372664423,
                7.798409383129791
            ],
            "quaternion": [
                -0.10405384610312483,
                0.06642296116110329,
                -0.9806941206394135,
                -0.15165694538999913
            ],
            "scale": 2.305744637079332
        },
        "10": {
            "id": "DPC_tropical_Trends_Hat",
            "position": [
                0.3053836359846027,
                9.274514027943628,
                14.441412928710701
            ],
            "quaternion": [
                -0.6643027142731388,
                0.1303018573371058,
                0.223416552734856,
                0.7012905059587746
            ],
            "scale": 1.2033251638623046
        },
        "11": {
            "id": "MONKEY_BOWLING",
            "position": [
                -4.5069665271435735,
                4.298277249695218,
                3.249648141286496
            ],
            "quaternion": [
                -0.6854470986963086,
                0.5806880677784925,
                0.220840679838433,
                0.37972758256017264
            ],
            "scale": 2.2967273991672066
        },
        "12": {
            "id": "MOSAIC",