{
    "active_split": "train_split",
    "camera_end": [
        8.026847242301745,
        -8.875650722543806,
        9.206005384123543
    ],
    "camera_start": [
        -0.18092366241677915,
        -9.448270056642254,
        7.1754094136746795
    ],
    "dynamic_assets": {
        "0": {
            "id": "Olive_Kids_Game_On_Pack_n_Snack",
            "position": [
                -5.330509053551703,
                -3.7684438594006537,
                4.490693759739571
            ],
            "quaternion": [
                -0.6338441127483386,
                -0.29515412515304146,
                -0.008227179132475214,
                -0.7148832049103798
            ],
            "scale": 1.8042608759703622,
            "velocity": [
                0.3020516268834852,
                5.005904206145599,
                0.0
            ]
        },
        "1": {
            "id": "MINI_ROLLER",
            "position": [
                5.186900831487387,
                2.4911921855224763,
                6.015167884933799
            ],
            "quaternion": [
                0.07462065260990856,
                -0.9072318326026005,
                0.27342568981551224,
                0.31080629379970665
            ],
            "scale": 2.487569365589237,
            "velocity": [
                -10.914741794102152,
                -5.8546639484551015,
                0.0
            ]
        },
        "2": {
            "id": "Ghost_6_GTX_Color_AnthBlckSlvrFernSulphSprng_Size_80",
            "position": [
                -0.1767041826005622,
                3.3234151887305563,
                5.4951292273826144
            ],
            "quaternion": [
                0.20252213747601938,
                0.4132561299610474,
                -0.06963545186811657,
                -0.8850734764554213
            ],
            "scale": 1.1845384160661532,
            "velocity": [
                -0.1193759286936178,
                1.8709271688885991,
                0.0
            ]
        },
        "3": {
            "id": "ASICS_GELResolution_5_Flash_YellowBlackSilver",
            "position": [
                3.043324415140167,
                -1.756439525641957,
                4.457739177319485
            ],
            "quaternion": [
                -0.6017945714517904,
                0.26961911385233506,
                0.6092332421411814,
                0.44043578860803556
            ],
            "scale": 1.7492733313899316,
            "velocity": [
                -8.678381357792773,
                5.9510677210742315,
                0.0
            ]
        },
        "4": {
            "id": "Jarrow_Glucosamine_Chondroitin_Combination_120_Caps",
            "position": [
                4.9208124671620235,
                5.479870196751958,
                5.772012388616135
            ],
            "quaternion": [
                -0.16394956529052548,
                -0.5840862496150885,
                -0.4839194946433691,
                0.6307025572769899
            ],
            "scale": 2.6151659567526226,
            "velocity": [
                -0.1947236341439762,
                -7.593898886759764,
                0.0
            ]
        },
        "5": {
            "id": "Threshold_Porcelain_Spoon_Rest_White",
            "position": [
                0.07914939178491398,
                -1.6582359221200438,
                2.225752724078945
            ],
            "quaternion": [
                0.6871551165521627,
                0.05497605654476422,
                -0.31749069430346516,
                -0.6511490904805706
            ],
            "scale": 1.3298129970002976,
            "velocity": [
                -5.139828738203223,
                2.83025858908361,
                0.0
            ]
        }
    },
    "flags": {
        "assets_path": null,
        "backgrounds_split": "train",
        "camera": "linear_movement",
        "camera_inner_radius": 10.335050533250909,
        "camera_outer_radius": 15.335050533250909,
        "config_path": null,
        "dynamic_spawn_region": [
            [
                -7.335050533250909,
                -7.335050533250909,
                1.4670101066501817
            ],
            [
                7.335050533250909,
                7.335050533250909,
                7.335050533250909
            ]
        ],
        "floor_friction": 0.3,
        "floor_restitution": 0.5,
        "frame_end": 21,
        "frame_rate": 6,
        "frame_start": 1,
        "gso_assets": "gs://kubric-public/assets/GSO/GSO.json",
        "hdri_assets": "gs://kubric-public/assets/HDRI_haven/HDRI_haven.json",
        "job_dir": "output/kubrick_nk_candidates/041",
        "key_outputs": [
            "rgba",
            "forward_flow"
        ],
        "kubasic_assets": "gs://kubric-public/assets/KuBasic/KuBasic.json",
        "logging_level": "INFO",
        "max_camera_movement": 10.0,
        "max_motion_blur": 0.0,
        "max_num_dynamic_objects": 7.335050533250909,
        "max_num_static_objects": 29.340202133003636,
        "min_camera_movement": 0.0,
        "min_motion_blur": 0.0,
        "min_num_dynamic_objects": 1.4670101066501817,
        "min_num_static_objects": 14.670101066501818,
        "objects_split": "train",
        "random_flags": true,
        "resolution": "960x540",
        "save_state": false,
        "scratch_dir": "/tmp/tmpa3r24izn",
        "seed": null,
        "static_spawn_region": [
            [
                -10.269070746551272,
                -10.269070746551272,
                0.0
            ],
            [
                10.269070746551272,
                10.269070746551272,
                14.670101066501818
            ]
        ],
        "step_rate": 240,
        "velocity_range": [
            [
                -5.868040426600727,
                -5.868040426600727,
                0.0
            ],
            [
                5.868040426600727,
                5.868040426600727,
                0.0
            ]
        ]
    },
    "hdri_id": "flower_road",
    "motion_blur": 0.0,
    "num_dynamic_objects": 6,
    "num_static_objects": 20,
    "static_assets": {
        "0": {
            "id": "Room_Essentials_Salad_Plate_Turquoise",
            "position": [
                -0.8700996480040368,
                -6.7112223988943,
                12.071845085451422
            ],
            "quaternion": [
                -0.20045694049570187,
                0.6197323124044118,
                -0.7093880388337737,
                -0.2692907096959633
            ],
            "scale": 2.704399302868426
        },
        "1": {
            "id": "Ubisoft_RockSmith_Real_Tone_Cable_Xbox_360",
            "position": [
                6.342997597924642,
                -2.318225078366722,
                3.4806545772306263
            ],
            "quaternion": [
                0.22487365556946326,
                -0.7573431244600152,
                -0.5073095598437082,
                -0.34423864012506133
            ],
            "scale": 2.6739705845984414
        },
        "10": {
            "id": "Neat_Solutions_Character_Bib_2_pack",
            "position": [
                5.911093900205737,
                -4.238148771647693,
                7.137428011023347
            ],
            "quaternion": [
                0.7181551164378097,
                -0.13945189976229938,
                -0.14217285046415798,
                0.6667782817232261
            ],
            "scale": 2.927537688377686
        },
        "11": {
            "id": "Perricone_MD_Face_Finishing_Moisturizer",
            "position": [
                -1.6123002799029225,
                7.527271628449384,
                9.9969715361808
            ],