{
    "active_split": "train_split",
    "camera_end": [
        4.947819453696411,
        9.127005804345815,
        4.534664282602323
    ],
    "camera_start": [
        8.945280970919672,
        8.293558871871031,
        0.7153130790091461
    ],
    "dynamic_assets": {
        "0": {
            "id": "QHPomegranate",
            "position": [
                2.8859763735347146,
                1.8484119724075292,
                6.114746940726503
            ],
            "quaternion": [
                0.8643351567956815,
                -0.47737033694527164,
                0.15763848686097198,
                0.013871034277427748
            ],
            "scale": 0.9232489984944572,
            "velocity": [
                2.114555716391518,
                1.0676412455041522,
                0.0
            ]
        },
        "1": {
            "id": "DINING_ROOM_CLASSIC",
            "position": [
                -1.9220715640979051,
                -4.154400382366867,
                3.945398297394557
            ],
            "quaternion": [
                -0.34818214864458547,
                0.9083557725497197,
                -0.20375985350229567,
                -0.11018577014099747
            ],
            "scale": 2.652892367832303,
            "velocity": [
                1.6556791262947144,
                5.3039369414630775,
                0.0
            ]
        },
        "2": {
            "id": "3D_Dollhouse_TablePurple",
            "position": [
                -3.9765695996170813,
                -2.617815132893402,
                4.005955845514814
            ],
            "quaternion": [
                -0.4329035019585102,
                0.38359032566038526,
                0.47456125555750456,
                -0.6635093328473252
            ],
            "scale": 1.6246092511866945,
            "velocity": [
                0.34528915718976716,
                -1.082681678997528,
                0.0
            ]
        },
        "3": {
            "id": "Transformers_Age_of_Extinction_Mega_1Step_Bumblebee_Figure",
            "position": [
                2.2558593138202303,
                -3.0285672863846194,
                5.872511919940549
            ],
            "quaternion": [
                -0.319772559704643,
                0.3672055543182018,
                -0.5705854648074365,
                0.6613152185518523
            ],
            "scale": 2.097880049663549,
            "velocity": [
                -5.717847044799702,
                2.830717399257484,
                0.0
            ]
        },
        "4": {
            "id": "LEGO_Creationary_Game_ZJa163wlWp2",
            "position": [
                -1.0712904847555844,
                -1.9135172780599747,
                2.194092711576673
            ],
            "quaternion": [
                0.23639457748986134,
                0.02910377344252171,
                0.9153462967050761,
                0.3246717283859182
            ],
            "scale": 0.7518052268493833,
            "velocity": [
                -2.6529246779526723,
                1.106730775120507,
                0.0
            ]
        },
        "5": {
            "id": "OXO_Soft_Works_Can_Opener_SnapLock",
            "position": [
                3.6449398684640597,
                -4.142494831809156,
                6.091812545582825
            ],
            "quaternion": [
                0.04178039744985177,
                0.44293881477508273,
                0.41922255431634403,
                0.7913987962507003
            ],
            "scale": 1.088491527747109,
            "velocity": [
                -1.2335766065399447,
                5.8009125110626725,
                0.0
            ]
        },
        "6": {
            "id": "Office_Depot_Canon_CLI_8CMY_Remanufactured_Ink_Cartridges_Color_Cyan_Magenta_Yellow_3_count",
            "position": [
                1.2369721219191572,
                -2.2438492414264175,
                2.9750507178036507
            ],
            "quaternion": [
                -0.16147811065743486,
                -0.93565744399002,
                -0.20234643099671745,
                -0.2398455526947674
            ],
            "scale": 1.3444344347186838,
            "velocity": [
                1.673344814366132,
                -2.927566390074711,
                0.0
            ]
        }
    },
    "flags": {
        "assets_path": null,
        "backgrounds_split": "train",
        "camera": "linear_movement_linear_lookat",
        "camera_inner_radius": 10.401887177642646,
        "camera_outer_radius": 15.401887177642646,
        "config_path": null,
        "dynamic_spawn_region": [
            [
                -7.401887177642646,
                -7.401887177642646,
                1.480377435528529
            ],
            [
                7.401887177642646,
                7.401887177642646,
                7.401887177642646
            ]
        ],
        "floor_friction": 0.3,
        "floor_restitution": 0.5,
        "frame_end": 21,
        "frame_rate": 6,
        "frame_start": 1,
        "gso_assets": "gs://kubric-public/assets/GSO/GSO.json",
        "hdri_assets": "gs://kubric-public/assets/HDRI_haven/HDRI_haven.json",
        "job_dir": "output/kubrick_nk_candidates/034",
        "key_outputs": [
            "rgba",
            "forward_flow"
        ],
        "kubasic_assets": "gs://kubric-public/assets/KuBasic/KuBasic.json",
        "logging_level": "INFO",
        "max_camera_movement": 10.0,
        "max_motion_blur": 0.0,
        "max_num_dynamic_objects": 7.401887177642646,
        "max_num_static_objects": 29.607548710570583,
        "min_camera_movement": 0.0,
        "min_motion_blur": 0.0,
        "min_num_dynamic_objects": 1.480377435528529,
        "min_num_static_objects": 14.803774355285292,
        "objects_split": "train",
        "random_flags": true,
        "resolution": "960x540",
        "save_state": false,
        "scratch_dir": "/tmp/tmpm180ivdv",
        "seed": null,
        "static_spawn_region": [
            [
                -10.362642048699703,
                -10.362642048699703,
                0.0
            ],
            [
                10.362642048699703,
                10.362642048699703,
                14.803774355285292
            ]
        ],
        "step_rate": 240,
        "velocity_range": [
            [
                -5.921509742114116,
                -5.921509742114116,
                0.0
            ],
            [
                5.921509742114116,
                5.921509742114116,
                0.0
            ]
        ]
    },
    "hdri_id": "moonless_golf",
    "lookat_end": [
        -0.16130030213657776,
        0.754378796198333,
        0.7061748112951887
    ],
    "lookat_start": [
        0.03575145919262923,
        -0.29552412798040617,
        0.8511628351786269
    ],
    "motion_blur": 0.0,
    "num_dynamic_objects": 7,
    "num_static_objects": 20,
    "static_assets": {
        "0": {
            "id": "SHAPE_MATCHING_NxacpAY9jDt",
            "position": [
                1.377387497319921,
                -3.316875157960249,
                6.3262714000048055
            ],
            "quaternion": [
                -0.8341539728605432,
                0.30681607162505226,
                -0.08537878014700771,
                0.4502904747539658
            ],
            "scale": 1.8079232926193176
        },
        "1": {
            "id": "SHAPE_SORTER",
            "position": [
                9.817430951844502,
                2.317193735694657,
                1.6859962040093779
            ],
            "quaternion": [
                -0.923922368580443,
                -0.37455840610239327,
                0.061853543949155716,
                -0.047408821496303565
            ],
            "scale": 0.962472914888322
        },