{
    "active_split": "train_split",
    "camera_end": [
        5.44598876058431,
        17.52892990453005,
        3.9389509017818147
    ],
    "camera_start": [
        9.324815105676532,
        12.788835134771404,
        7.437385779566822
    ],
    "dynamic_assets": {
        "0": {
            "id": "3D_Dollhouse_TablePurple",
            "position": [
                1.902961113618339,
                8.134169624507678,
                3.598563002863223
            ],
            "quaternion": [
                -0.07777136140824904,
                -0.5126034580313877,
                -0.8535846751078567,
                0.05081842756309516
            ],
            "scale": 2.4564458686467368,
            "velocity": [
                -2.995958595897493,
                -15.564709842252318,
                0.0
            ]
        },
        "1": {
            "id": "Office_Depot_Dell_Series_1_Remanufactured_Ink_Cartridge_Black",
            "position": [
                7.155771631303047,
                4.20883940147462,
                5.9476617744567175
            ],
            "quaternion": [
                -0.702482947852926,
                -0.3972461224389688,
                -0.5818965183248168,
                -0.10054684552248788
            ],
            "scale": 1.6250925764616224,
            "velocity": [
                -3.4246946540268706,
                -13.21749794799718,
                0.0
            ]
        },
        "2": {
            "id": "Tag_Dishtowel_Basket_Weave_Red_18_x_26",
            "position": [
                8.076357297119417,
                -1.4021403025426675,
                5.675997116194718
            ],
            "quaternion": [
                -0.7606998353327755,
                0.2102433487829708,
                0.4349762088278957,
                -0.4335080075049606
            ],
            "scale": 2.796084406649885,
            "velocity": [
                -8.139329420355889,
                7.030583229824664,
                0.0
            ]
        },
        "3": {
            "id": "Olive_Kids_Dinosaur_Land_Pack_n_Snack",
            "position": [
                -7.557992152190791,
                -8.295785803950041,
                4.2016708987890095
            ],
            "quaternion": [
                -0.19810135089296102,
                -0.09686522580974162,
                0.6615122027183062,
                0.7167807115554843
            ],
            "scale": 1.317504900783142,
            "velocity": [
                8.31879077024003,
                4.010282111728683,
                0.0
            ]
        },
        "4": {
            "id": "Saccharomyces_Boulardii_MOS_Value_Size",
            "position": [
                9.500354299034647,
                6.7599613986158555,
                8.304699124898741
            ],
            "quaternion": [
                -0.6979795051494762,
                0.2565684095747354,
                -0.5366068649656454,
                0.3988111508863874
            ],
            "scale": 2.8628899731176696,
            "velocity": [
                -9.161297177477396,
                -8.675118539827555,
                0.0
            ]
        },
        "5": {
            "id": "Hasbro_Trivial_Pursuit_Family_Edition_Game",
            "position": [
                -2.6915571140514363,
                8.992409416524154,
                4.677272350552722
            ],
            "quaternion": [
                0.485350234999671,
                0.06557803556354692,
                0.662351427787266,
                -0.5669437862306638
            ],
            "scale": 2.922410875765204,
            "velocity": [
                8.528397897615825,
                -16.719016078498754,
                0.0
            ]
        }
    },
    "flags": {
        "assets_path": null,
        "backgrounds_split": "train",
        "camera": "linear_movement",
        "camera_inner_radius": 14.334328076791152,
        "camera_outer_radius": 19.334328076791152,
        "config_path": null,
        "dynamic_spawn_region": [
            [
                -11.334328076791152,
                -11.334328076791152,
                2.2668656153582303
            ],
            [
                11.334328076791152,
                11.334328076791152,
                11.334328076791152
            ]
        ],
        "floor_friction": 0.3,
        "floor_restitution": 0.5,
        "frame_end": 21,
        "frame_rate": 24,
        "frame_start": 1,
        "gso_assets": "gs://kubric-public/assets/GSO/GSO.json",
        "hdri_assets": "gs://kubric-public/assets/HDRI_haven/HDRI_haven.json",
        "job_dir": "output/kubrick_nk_candidates/002",
        "key_outputs": [
            "rgba",
            "forward_flow"
        ],
        "kubasic_assets": "gs://kubric-public/assets/KuBasic/KuBasic.json",
        "logging_level": "INFO",
        "max_camera_movement": 10.0,
        "max_motion_blur": 0.0,
        "max_num_dynamic_objects": 11.334328076791152,
        "max_num_static_objects": 45.33731230716461,
        "min_camera_movement": 0.0,
        "min_motion_blur": 0.0,
        "min_num_dynamic_objects": 2.2668656153582303,
        "min_num_static_objects": 22.668656153582305,
        "objects_split": "train",
        "random_flags": true,
        "resolution": "960x540",
        "save_state": false,
        "scratch_dir": "/tmp/tmp1olshsgz",
        "seed": null,
        "static_spawn_region": [
            [
                -15.868059307507611,
                -15.868059307507611,
                0.0
            ],
            [
                15.868059307507611,
                15.868059307507611,
                22.668656153582305
            ]
        ],
        "step_rate": 480,
        "velocity_range": [
            [
                -9.067462461432921,
                -9.067462461432921,
                0.0
            ],
            [
                9.067462461432921,
                9.067462461432921,
                0.0
            ]
        ]
    },
    "hdri_id": "harties",
    "motion_blur": 0.0,
    "num_dynamic_objects": 6,
    "num_static_objects": 30,
    "static_assets": {
        "0": {
            "id": "Reebok_R_DANCE_FLASH",
            "position": [
                5.5697448763460375,
                11.420538217921036,
                10.120027169773756
            ],
            "quaternion": [
                -0.7225974545474972,
                0.5524291144158467,
                -0.3098502607522989,
                -0.27688952334628586
            ],
            "scale": 2.5102965341791132
        },
        "1": {
            "id": "PureConnect_2_Color_FernNightlifeSilverBlack_Size_70_5w0BYsiogeV",
            "position": [
                8.283275481897943,
                -5.1624702893718215,
                14.81067253742383
            ],
            "quaternion": [
                -0.6507596805854874,
                -0.7499981634751013,
                -0.07129598551442086,
                -0.0945064831520954
            ],
            "scale": 2.5106602630470833
        },
        "10": {
            "id": "Perricone_MD_Skin_Total_Body_Supplements",
            "position": [
                0.9245383125836568,
                -12.731694934884686,
                17.244177745291907
            ],
            "quaternion": [
                0.28250360345442294,
                -0.17151191593961762,
                -0.7513049372133616,
                0.5712409894648794
            ],
            "scale": 1.0939070622743556
        },
        "11": {
            "id": "Schleich_Therizinosaurus_ln9cruulPqc",
            "position": [
                -7.952361515172934,
                2.902798323818999,
                11.572365456399513
            ],