{
    "active_split": "train_split",
    "camera_end": [
        -14.257542716631585,
        -0.8755349817184382,
        4.003013233195752
    ],
    "camera_start": [
        -14.59824629382675,
        -1.0855509697778185,
        3.4962290181662397
    ],
    "dynamic_assets": {
        "0": {
            "id": "Whey_Protein_Chocolate_12_Packets",
            "position": [
                -0.33708627688122483,
                1.3214317203618995,
                4.971635250407278
            ],
            "quaternion": [
                0.2524398204704731,
                -0.5240210393440273,
                -0.00551063004047823,
                0.8134160806882279
            ],
            "scale": 0.8412378722461004,
            "velocity": [
                0.2994197406833372,
                -0.3528667116234443,
                0.0
            ]
        },
        "1": {
            "id": "Curver_Storage_Bin_Black_Small",
            "position": [
                -5.5749123787584285,
                2.776081936758086,
                4.136071744311443
            ],
            "quaternion": [
                -0.2770264857165009,
                0.2617812780656974,
                0.36961720956337535,
                0.8474137165873816
            ],
            "scale": 2.454349106575388,
            "velocity": [
                7.630393615153583,
                3.8590453453476634,
                0.0
            ]
        },
        "2": {
            "id": "Sienna_Brown_Croc_Tieks_Patent_Leather_Crocodile_Print_Ballet_Flats",
            "position": [
                7.136986515763265,
                7.312440435235786,
                7.328897635995306
            ],
            "quaternion": [
                -0.04832478658322307,
                0.8761246315215182,
                0.014415045784758416,
                0.479439830946484
            ],
            "scale": 1.376723863782666,
            "velocity": [
                -5.977333955296792,
                -2.040692539756048,
                0.0
            ]
        },
        "3": {
            "id": "Santa_Cruz_Mens_YmsMDkFf11Z",
            "position": [
                1.0768690392221156,
                5.024597843275843,
                4.5241837942001535
            ],
            "quaternion": [
                0.8101550298082943,
                0.33606835701109006,
                0.2281951683022567,
                0.4226509816097591
            ],
            "scale": 2.3830154095913403,
            "velocity": [
                1.8975543650422555,
                -10.303908473050594,
                0.0
            ]
        }
    },
    "flags": {
        "assets_path": null,
        "backgrounds_split": "train",
        "camera": "linear_movement",
        "camera_inner_radius": 11.509721896910996,
        "camera_outer_radius": 16.509721896910996,
        "config_path": null,
        "dynamic_spawn_region": [
            [
                -8.509721896910996,
                -8.509721896910996,
                1.7019443793821991
            ],
            [
                8.509721896910996,
                8.509721896910996,
                8.509721896910996
            ]
        ],
        "floor_friction": 0.3,
        "floor_restitution": 0.5,
        "frame_end": 21,
        "frame_rate": 24,
        "frame_start": 1,
        "gso_assets": "gs://kubric-public/assets/GSO/GSO.json",
        "hdri_assets": "gs://kubric-public/assets/HDRI_haven/HDRI_haven.json",
        "job_dir": "output/kubrick_nk_candidates/010",
        "key_outputs": [
            "rgba",
            "forward_flow"
        ],
        "kubasic_assets": "gs://kubric-public/assets/KuBasic/KuBasic.json",
        "logging_level": "INFO",
        "max_camera_movement": 10.0,
        "max_motion_blur": 0.0,
        "max_num_dynamic_objects": 8.509721896910996,
        "max_num_static_objects": 34.038887587643984,
        "min_camera_movement": 0.0,
        "min_motion_blur": 0.0,
        "min_num_dynamic_objects": 1.7019443793821991,
        "min_num_static_objects": 17.019443793821992,
        "objects_split": "train",
        "random_flags": true,
        "resolution": "960x540",
        "save_state": false,
        "scratch_dir": "/tmp/tmp2fx9liu4",
        "seed": null,
        "static_spawn_region": [
            [
                -11.913610655675393,
                -11.913610655675393,
                0.0
            ],
            [
                11.913610655675393,
                11.913610655675393,
                17.019443793821992
            ]
        ],
        "step_rate": 480,
        "velocity_range": [
            [
                -6.8077775175287965,
                -6.8077775175287965,
                0.0
            ],
            [
                6.8077775175287965,
                6.8077775175287965,
                0.0
            ]
        ]
    },
    "hdri_id": "monks_forest",
    "motion_blur": 0.0,
    "num_dynamic_objects": 4,
    "num_static_objects": 18,
    "static_assets": {
        "0": {
            "id": "Black_and_Decker_TR3500SD_2Slice_Toaster",
            "position": [
                -3.699705710999309,
                -8.783235907104777,
                13.50785482522008
            ],
            "quaternion": [
                -0.7728350131417395,
                -0.04526132505306097,
                0.6239677699964732,
                0.1064973094602718
            ],
            "scale": 1.606258997189708
        },
        "1": {
            "id": "Xyli_Pure_Xylitol",
            "position": [
                -0.8414919330895252,
                8.96465701524641,
                11.946248669055308
            ],
            "quaternion": [
                -0.301517280498549,
                0.7093642920018023,
                -0.3780604641945491,
                -0.5127961741340736
            ],
            "scale": 2.1325856208648433
        },
        "10": {
            "id": "Schleich_Hereford_Bull",
            "position": [
                -4.525546382752126,
                10.715893689970063,
                12.37535730874341
            ],
            "quaternion": [
                0.4221256500608947,
                0.2265398059963227,
                0.5966014766981333,
                -0.6438604894396162
            ],
            "scale": 2.6305061945076504
        },
        "11": {
            "id": "Mens_Mako_Canoe_Moc_2Eye_Boat_Shoe_in_Coffee_K9e8FoV73uZ",
            "position": [
                -9.598844930802592,
                9.497085014643847,
                1.4590238111219045
            ],
            "quaternion": [
                0.8465893408648758,
                0.4911053417197675,
                0.20451737760694674,
                -0.016573277438788163
            ],
            "scale": 1.980346455683141
        },
        "12": {
            "id": "3M_Vinyl_Tape_Green_1_x_36_yd",
            "position": [
                -3.4385764915282495,
                -3.1396514076115283,
                7.405433937934244
            ],
            "quaternion": [
                0.5611259615483198,
                0.37449659062300905,
                -0.1316121936826575,
                -0.7263388942926396
            ],
            "scale": 2.8225362544307115
        },
        "13": {
            "id": "MEAT_SET",
            "position": [
                2.5101517487013467,
                -5.685050493174499,
                6.80681482433821
            ],
            "quaternion": [
                -0.09291370735691061,
                -0.8774715827981018,
                0.4150635609268628,
                -0.22165943417256276
            ],
            "scale": 1.4417779962231867
        },
        "14": {
            "id": "Nickelodeon_Teenage_Mutant_Ninja_Turtles_Leonardo",