{
    "active_split": "train_split",
    "camera_end": [
        -6.622530812919462,
        5.4569924345683765,
        13.61647975548923
    ],
    "camera_start": [
        -11.772419627695722,
        3.6268082263368413,
        10.818763712873237
    ],
    "dynamic_assets": {
        "0": {
            "id": "Ecoforms_Plant_Container_URN_NAT",
            "position": [
                8.11960760786791,
                8.85407248379117,
                6.19269028392336
            ],
            "quaternion": [
                0.14141816901305396,
                0.08853942156589406,
                0.19697904925457885,
                0.9661060637717447
            ],
            "scale": 1.1794004823321294,
            "velocity": [
                -3.2076070693322105,
                -1.101256645867867,
                0.0
            ]
        },
        "1": {
            "id": "Lenovo_Yoga_2_11",
            "position": [
                9.742511148958597,
                1.4418757735895937,
                7.625599631929981
            ],
            "quaternion": [
                -0.06999469107734553,
                -0.45877979385484396,
                -0.8520151084406516,
                0.24226452270268228
            ],
            "scale": 1.724901811694831,
            "velocity": [
                -14.547021262075774,
                0.23712325546749646,
                0.0
            ]
        },
        "2": {
            "id": "Down_To_Earth_Orchid_Pot_Ceramic_Red",
            "position": [
                -2.3684857389982303,
                -9.289510683391336,
                6.12435432593678
            ],
            "quaternion": [
                0.6497688210280721,
                -0.19115841646760845,
                0.5976645845419235,
                0.4290174628353903
            ],
            "scale": 1.8388943859615439,
            "velocity": [
                7.14626472634407,
                14.353960818025595,
                0.0
            ]
        },
        "3": {
            "id": "Baby_Elements_Stacking_Cups",
            "position": [
                4.503225752049428,
                -0.09275325941476886,
                10.63156863989218
            ],
            "quaternion": [
                0.5604035623437699,
                -0.505659458779369,
                -0.5247929579060912,
                -0.3935082087981694
            ],
            "scale": 1.515348934485997,
            "velocity": [
                -9.137668710685546,
                6.195727997462367,
                0.0
            ]
        },
        "4": {
            "id": "Now_Designs_Snack_Bags_Bicycle_2_count",
            "position": [
                -9.768985670510625,
                1.5167157176035708,
                8.151601820906526
            ],
            "quaternion": [
                0.6093900038915825,
                0.06054930133607724,
                -0.12190249075389849,
                0.7811001139500144
            ],
            "scale": 1.0948318732686546,
            "velocity": [
                12.982689803435147,
                -9.478128306349126,
                0.0
            ]
        },
        "5": {
            "id": "W_Lou_z0dkC78niiZ",
            "position": [
                -4.47553891470606,
                -3.56145036573745,
                4.179721336615466
            ],
            "quaternion": [
                0.06328017627253335,
                0.0479580496009332,
                -0.9747540588039671,
                0.20868677393304938
            ],
            "scale": 1.5544291153722956,
            "velocity": [
                0.5618957474446011,
                0.2135631464827048,
                0.0
            ]
        },
        "6": {
            "id": "JUICER_SET",
            "position": [
                2.6078660450328393,
                6.198018461754424,
                3.931686541525656
            ],
            "quaternion": [
                -0.29608153423706757,
                0.12409441777666519,
                0.4875335340661066,
                -0.8119404865638289
            ],
            "scale": 1.965563742710066,
            "velocity": [
                -2.0066918654513017,
                -12.261613255025008,
                0.0
            ]
        }
    },
    "flags": {
        "assets_path": null,
        "backgrounds_split": "train",
        "camera": "linear_movement_linear_lookat",
        "camera_inner_radius": 14.048136561598728,
        "camera_outer_radius": 19.048136561598728,
        "config_path": null,
        "dynamic_spawn_region": [
            [
                -11.048136561598728,
                -11.048136561598728,
                2.2096273123197454
            ],
            [
                11.048136561598728,
                11.048136561598728,
                11.048136561598728
            ]
        ],
        "floor_friction": 0.3,
        "floor_restitution": 0.5,
        "frame_end": 21,
        "frame_rate": 24,
        "frame_start": 1,
        "gso_assets": "gs://kubric-public/assets/GSO/GSO.json",
        "hdri_assets": "gs://kubric-public/assets/HDRI_haven/HDRI_haven.json",
        "job_dir": "output/kubrick_nk_candidates/018",
        "key_outputs": [
            "rgba",
            "forward_flow"
        ],
        "kubasic_assets": "gs://kubric-public/assets/KuBasic/KuBasic.json",
        "logging_level": "INFO",
        "max_camera_movement": 10.0,
        "max_motion_blur": 0.0,
        "max_num_dynamic_objects": 11.048136561598728,
        "max_num_static_objects": 44.19254624639491,
        "min_camera_movement": 0.0,
        "min_motion_blur": 0.0,
        "min_num_dynamic_objects": 2.2096273123197454,
        "min_num_static_objects": 22.096273123197456,
        "objects_split": "train",
        "random_flags": true,
        "resolution": "960x540",
        "save_state": false,
        "scratch_dir": "/tmp/tmphdx364q_",
        "seed": null,
        "static_spawn_region": [
            [
                -15.467391186238217,
                -15.467391186238217,
                0.0
            ],
            [
                15.467391186238217,
                15.467391186238217,
                22.096273123197456
            ]
        ],
        "step_rate": 240,
        "velocity_range": [
            [
                -8.838509249278982,
                -8.838509249278982,
                0.0
            ],
            [
                8.838509249278982,
                8.838509249278982,
                0.0
            ]
        ]
    },
    "hdri_id": "birbeck_street_underpass",
    "lookat_end": [
        -1.2611556502478836,
        -3.124178134927459,
        0.6333084933136126
    ],
    "lookat_start": [
        -0.2065566517636213,
        1.2197974939350116,
        0.659511641426831
    ],
    "motion_blur": 0.0,
    "num_dynamic_objects": 7,
    "num_static_objects": 22,
    "static_assets": {
        "0": {
            "id": "Crazy_Shadow_2_oW4Jd10HFFr",
            "position": [
                2.797205659931956,
                -7.9755481650468285,
                15.977017364989129
            ],
            "quaternion": [
                -0.23448943620630197,
                0.36773195990736074,
                0.7392970955700933,
                -0.5130572233698365
            ],
            "scale": 1.0135356195976113
        },
        "1": {
            "id": "Colton_Wntr_Chukka_y4jO0I8JQFW",
            "position": [
                -3.208317950494928,
                1.5709471254954135,
                19.353281486626575
            ],
            "quaternion": [
                -0.9005128497495839,
                0.0337892620282826,
                0.2777103607535525,
                -0.3328841371071911
            ],
            "scale": 1.9282552101236452
        },
        "10": {
            "id": "Theanine",