{
    "active_split": "train_split",
    "camera_end": [
        6.168411878446017,
        3.0535978895613063,
        8.349238381644751
    ],
    "camera_start": [
        4.698452977601434,
        3.6116346673560358,
        9.747758791215768
    ],
    "dynamic_assets": {
        "0": {
            "id": "Cootie_Game_tDhURNbfU5J",
            "position": [
                -3.925513121878764,
                -5.5779460078764425,
                3.9979942189082562
            ],
            "quaternion": [
                0.5035608669910849,
                -0.5066496792386779,
                -0.5136335206596636,
                -0.4753032318607676
            ],
            "scale": 2.985470077218369,
            "velocity": [
                2.0698925093711793,
                4.585929268763622,
                0.0
            ]
        },
        "1": {
            "id": "Apples_to_Apples_Kids_Edition",
            "position": [
                2.7370015377969406,
                5.112978804174985,
                6.585427502064292
            ],
            "quaternion": [
                -0.4521580375251152,
                -0.5318549035621233,
                0.33926724275412995,
                0.6305404100074566
            ],
            "scale": 1.0553922314638204,
            "velocity": [
                0.4828007054803365,
                -8.829848991122514,
                0.0
            ]
        },
        "2": {
            "id": "Netgear_Nighthawk_X6_AC3200_TriBand_Gigabit_Wireless_Router",
            "position": [
                -2.890210718771561,
                -3.2629072919548574,
                3.3707397688687823
            ],
            "quaternion": [
                -0.7159040709970327,
                0.18844930798519346,
                0.5742384625389001,
                0.34959749368486265
            ],
            "scale": 0.981030008890587,
            "velocity": [
                0.82958625250546,
                0.05208116710251964,
                0.0
            ]
        },
        "3": {
            "id": "Object_REmvBDJStub",
            "position": [
                0.034383797458788834,
                3.681080170709664,
                4.992436621255072
            ],
            "quaternion": [
                0.7383898480034736,
                0.37989238866850816,
                0.10361612455495535,
                -0.5474722861747015
            ],
            "scale": 2.0739159488820564,
            "velocity": [
                4.939812148609747,
                -3.1167651169348556,
                0.0
            ]
        },
        "4": {
            "id": "Womens_Cloud_Logo_Authentic_Original_Boat_Shoe_in_Black_Supersoft_cZR022qFI4k",
            "position": [
                3.2169435597696125,
                1.9888723041979288,
                3.119394940025144
            ],
            "quaternion": [
                -0.6209411858838592,
                0.6782588809993096,
                0.3557072719634358,
                0.16694091976217615
            ],
            "scale": 2.125223384028522,
            "velocity": [
                -7.567680356022207,
                0.04043237527025134,
                0.0
            ]
        }
    },
    "flags": {
        "assets_path": null,
        "backgrounds_split": "train",
        "camera": "linear_movement",
        "camera_inner_radius": 10.746134774349517,
        "camera_outer_radius": 15.746134774349517,
        "config_path": null,
        "dynamic_spawn_region": [
            [
                -7.7461347743495175,
                -7.7461347743495175,
                1.5492269548699036
            ],
            [
                7.7461347743495175,
                7.7461347743495175,
                7.7461347743495175
            ]
        ],
        "floor_friction": 0.3,
        "floor_restitution": 0.5,
        "frame_end": 21,
        "frame_rate": 24,
        "frame_start": 1,
        "gso_assets": "gs://kubric-public/assets/GSO/GSO.json",
        "hdri_assets": "gs://kubric-public/assets/HDRI_haven/HDRI_haven.json",
        "job_dir": "output/kubrick_nk_candidates/029",
        "key_outputs": [
            "rgba",
            "forward_flow"
        ],
        "kubasic_assets": "gs://kubric-public/assets/KuBasic/KuBasic.json",
        "logging_level": "INFO",
        "max_camera_movement": 10.0,
        "max_motion_blur": 0.0,
        "max_num_dynamic_objects": 7.7461347743495175,
        "max_num_static_objects": 30.98453909739807,
        "min_camera_movement": 0.0,
        "min_motion_blur": 0.0,
        "min_num_dynamic_objects": 1.5492269548699036,
        "min_num_static_objects": 15.492269548699035,
        "objects_split": "train",
        "random_flags": true,
        "resolution": "960x540",
        "save_state": false,
        "scratch_dir": "/tmp/tmpl9x_gl0_",
        "seed": null,
        "static_spawn_region": [
            [
                -10.844588684089326,
                -10.844588684089326,
                0.0
            ],
            [
                10.844588684089326,
                10.844588684089326,
                15.492269548699035
            ]
        ],
        "step_rate": 480,
        "velocity_range": [
            [
                -6.196907819479614,
                -6.196907819479614,
                0.0
            ],
            [
                6.196907819479614,
                6.196907819479614,
                0.0
            ]
        ]
    },
    "hdri_id": "skukuza_golf",
    "motion_blur": 0.0,
    "num_dynamic_objects": 5,
    "num_static_objects": 17,
    "static_assets": {
        "0": {
            "id": "Just_For_Men_Shampoo_In_Haircolor_Darkest_Brown_50",
            "position": [
                -3.3608476762071504,
                3.023976476653239,
                4.579194445370901
            ],
            "quaternion": [
                -0.370238924977024,
                -0.11834104863370677,
                -0.5765006046298757,
                -0.7187249734783953
            ],
            "scale": 2.771650502904514
        },
        "1": {
            "id": "3M_Antislip_Surfacing_Light_Duty_White",
            "position": [
                -7.860490218903909,
                -4.337719874560278,
                6.039349540946312
            ],
            "quaternion": [
                0.8237437042839951,
                0.39974612292213196,
                0.024007765676936254,
                0.4013389764879646
            ],
            "scale": 0.7653650696335307
        },
        "10": {
            "id": "Olive_Kids_Robots_Pencil_Case",
            "position": [
                -1.0752448914601942,
                -2.3526730988544458,
                2.409969714382032
            ],
            "quaternion": [
                -0.24535075679684926,
                -0.7652920663750902,
                -0.34571575077960986,
                -0.48436729755986685
            ],
            "scale": 1.9654374480949939
        },
        "11": {
            "id": "Black_Decker_CM2035B_12Cup_Thermal_Coffeemaker",
            "position": [
                4.589344832415048,
                -4.197169598070287,
                11.36165062901437
            ],
            "quaternion": [
                0.5554200921575414,
                0.3265102534631564,
                -0.7511098872384899,
                -0.14399136399005558
            ],
            "scale": 2.08036606472098
        },
        "12": {
            "id": "Canon_225226_Ink_Cartridges_BlackColor_Cyan_Magenta_Yellow_6_count",
            "position": [
                5.6183065119346765,
                4.237399575491567,
                6.0529652614093905
            ],
            "quaternion": [
                0.8130651847053735,
                0.2863266561243218,
                -0.499632222727441,
                0.08549674511417418
            ],