{
    "active_split": "train_split",
    "camera_end": [
        8.477398091297664,
        2.94572620277083,
        10.882098978183674
    ],
    "camera_start": [
        -0.048982719153201515,
        -11.420453165293026,
        0.3874210557399911
    ],
    "dynamic_assets": {
        "0": {
            "id": "Cole_Hardware_Butter_Dish_Square_Red",
            "position": [
                1.9532823331605371,
                3.9245195186668234,
                2.6092062042601003
            ],
            "quaternion": [
                -0.38488863170814674,
                0.126132023202245,
                -0.6739072196575361,
                -0.6179000835071867
            ],
            "scale": 1.6358720557759865,
            "velocity": [
                -6.102165045502897,
                -3.0683591222939164,
                0.0
            ]
        },
        "1": {
            "id": "Schleich_Bald_Eagle",
            "position": [
                -1.7256242741396361,
                3.9106360095614656,
                3.8195856938394734
            ],
            "quaternion": [
                -0.025762227905530292,
                0.2695103316340962,
                0.34010816165570185,
                0.9005703343609549
            ],
            "scale": 2.9037023559311663,
            "velocity": [
                7.981529798525637,
                2.501782478042111,
                0.0
            ]
        },
        "2": {
            "id": "Threshold_Porcelain_Coffee_Mug_All_Over_Bead_White",
            "position": [
                -4.311459623886172,
                1.9857144666752244,
                4.282969152310719
            ],
            "quaternion": [
                0.6996233908762632,
                -0.5861799900229323,
                -0.1459149429484635,
                -0.3816136261454259
            ],
            "scale": 1.970833512962573,
            "velocity": [
                -2.2172033962599587,
                4.495827397314661,
                0.0
            ]
        },
        "3": {
            "id": "Thomas_Friends_Wooden_Railway_Ascending_Track_Riser_Pack",
            "position": [
                -1.6012014968411812,
                1.360291955654728,
                5.6321960945126195
            ],
            "quaternion": [
                -0.767795306748457,
                0.42949547231680857,
                -0.4149799022191631,
                0.2319820832490697
            ],
            "scale": 1.8341012321186032,
            "velocity": [
                -6.476425807573111,
                0.7901335957731419,
                0.0
            ]
        }
    },
    "flags": {
        "assets_path": null,
        "backgrounds_split": "train",
        "camera": "linear_movement_linear_lookat",
        "camera_inner_radius": 9.2501509297334,
        "camera_outer_radius": 14.2501509297334,
        "config_path": null,
        "dynamic_spawn_region": [
            [
                -6.250150929733399,
                -6.250150929733399,
                1.2500301859466798
            ],
            [
                6.250150929733399,
                6.250150929733399,
                6.250150929733399
            ]
        ],
        "floor_friction": 0.3,
        "floor_restitution": 0.5,
        "frame_end": 21,
        "frame_rate": 6,
        "frame_start": 1,
        "gso_assets": "gs://kubric-public/assets/GSO/GSO.json",
        "hdri_assets": "gs://kubric-public/assets/HDRI_haven/HDRI_haven.json",
        "job_dir": "output/kubrick_nk_candidates_2/031",
        "key_outputs": [
            "rgba",
            "forward_flow"
        ],
        "kubasic_assets": "gs://kubric-public/assets/KuBasic/KuBasic.json",
        "logging_level": "INFO",
        "max_camera_movement": 20.0,
        "max_motion_blur": 0.0,
        "max_num_dynamic_objects": 6.250150929733399,
        "max_num_static_objects": 25.000603718933597,
        "min_camera_movement": 0.0,
        "min_motion_blur": 0.0,
        "min_num_dynamic_objects": 1.2500301859466798,
        "min_num_static_objects": 12.500301859466799,
        "objects_split": "train",
        "random_flags": true,
        "resolution": "960x540",
        "save_state": false,
        "scratch_dir": "/tmp/tmpd7vjttxn",
        "seed": null,
        "static_spawn_region": [
            [
                -8.75021130162676,
                -8.75021130162676,
                0.0
            ],
            [
                8.75021130162676,
                8.75021130162676,
                12.500301859466799
            ]
        ],
        "step_rate": 480,
        "velocity_range": [
            [
                -10.000241487573438,
                -10.000241487573438,
                0.0
            ],
            [
                10.000241487573438,
                10.000241487573438,
                0.0
            ]
        ]
    },
    "hdri_id": "eilenriede_labyrinth",
    "lookat_end": [
        0.5740755219226292,
        3.296964559029983,
        0.593102315142739
    ],
    "lookat_start": [
        0.07191367147893438,
        -1.9210820134792939,
        -0.06209918945336229
    ],
    "motion_blur": 0.0,
    "num_dynamic_objects": 4,
    "num_static_objects": 24,
    "static_assets": {
        "0": {
            "id": "SpiderMan_Titan_Hero_12Inch_Action_Figure_5Hnn4mtkFsP",
            "position": [
                6.344859211376325,
                4.731760074640814,
                6.365144229393964
            ],
            "quaternion": [
                -0.24947741832294154,
                -0.4141441654851296,
                -0.7043705014569606,
                0.5197189862019816
            ],
            "scale": 2.478282727269117
        },
        "1": {
            "id": "Sony_Acid_Music_Studio",
            "position": [
                -3.04497153016257,
                -7.081153111069465,
                6.898971469791729
            ],
            "quaternion": [
                -0.19825043788307442,
                0.8683311818195465,
                0.019720673965635146,
                0.4542123045200118
            ],
            "scale": 1.3103311959139199
        },
        "10": {
            "id": "Wishbone_Pencil_Case",
            "position": [
                -4.19341986373717,
                -1.3546362132182121,
                5.075425977651047
            ],
            "quaternion": [
                -0.3857809842556407,
                -0.3872759733587815,
                -0.7029870070031977,
                0.45497210972810587
            ],
            "scale": 0.8636243194362309
        },
        "11": {
            "id": "Thomas_Friends_Wooden_Railway_Porter_5JzRhMm3a9o",
            "position": [
                -2.9427483718939946,
                2.129852146610993,
                6.834949603631886
            ],
            "quaternion": [
                -0.6066735003054093,
                0.39236514879408,
                0.6204012744924929,
                0.3051214719535031
            ],
            "scale": 1.10262080309901
        },
        "12": {
            "id": "PARENT_ROOM_FURNITURE_SET_1",
            "position": [
                -0.919428568431421,
                5.286051189680284,
                1.7747505042644935
            ],
            "quaternion": [
                0.5434664895300712,
                0.5136878634176124,
                0.301746567254268,
                -0.5913695654035428
            ],
            "scale": 1.1090831324632537
        },
        "13": {
            "id": "POUNDING_MUSHROOMS",
            "position": [
                6.276227093959854,
                -2.0663432191145255,
                8.159647436842118
            ],
            "quaternion": [
                -0.8601892200013002,
                0.02684599843898472,
                0.460435422483737,
                0.21760749041241992
            ],