{
    "active_split": "train_split",
    "camera_end": [
        -11.447932068183253,
        -6.534660060734209,
        3.1017842766147696
    ],
    "camera_start": [
        -5.7116490675065315,
        -8.789907117693026,
        8.740814261673494
    ],
    "dynamic_assets": {
        "0": {
            "id": "50_BLOCKS",
            "position": [
                1.4942319596487144,
                0.8276184406202471,
                2.9692030110635255
            ],
            "quaternion": [
                0.3438264272142825,
                -0.024550358270807957,
                0.9299253783040018,
                -0.12813843546725506
            ],
            "scale": 2.2928386627790704,
            "velocity": [
                2.052552744039014,
                1.8768634913898632,
                0.0
            ]
        },
        "1": {
            "id": "My_First_Wiggle_Crocodile",
            "position": [
                -1.2294766339809353,
                -0.8791050808580056,
                4.16027801624322
            ],
            "quaternion": [
                -0.8283017401837788,
                0.20348031770687447,
                -0.4583209833054562,
                0.24990771051800914
            ],
            "scale": 1.5368945022592888,
            "velocity": [
                3.587630178819783,
                5.665944985518269,
                0.0
            ]
        }
    },
    "flags": {
        "assets_path": null,
        "backgrounds_split": "train",
        "camera": "linear_movement_linear_lookat",
        "camera_inner_radius": 9.152329161677208,
        "camera_outer_radius": 14.152329161677208,
        "config_path": null,
        "dynamic_spawn_region": [
            [
                -6.1523291616772084,
                -6.1523291616772084,
                1.2304658323354416
            ],
            [
                6.1523291616772084,
                6.1523291616772084,
                6.1523291616772084
            ]
        ],
        "floor_friction": 0.3,
        "floor_restitution": 0.5,
        "frame_end": 21,
        "frame_rate": 6,
        "frame_start": 1,
        "gso_assets": "gs://kubric-public/assets/GSO/GSO.json",
        "hdri_assets": "gs://kubric-public/assets/HDRI_haven/HDRI_haven.json",
        "job_dir": "output/kubrick_nk_candidates/035",
        "key_outputs": [
            "rgba",
            "forward_flow"
        ],
        "kubasic_assets": "gs://kubric-public/assets/KuBasic/KuBasic.json",
        "logging_level": "INFO",
        "max_camera_movement": 10.0,
        "max_motion_blur": 0.0,
        "max_num_dynamic_objects": 6.1523291616772084,
        "max_num_static_objects": 24.609316646708834,
        "min_camera_movement": 0.0,
        "min_motion_blur": 0.0,
        "min_num_dynamic_objects": 1.2304658323354416,
        "min_num_static_objects": 12.304658323354417,
        "objects_split": "train",
        "random_flags": true,
        "resolution": "960x540",
        "save_state": false,
        "scratch_dir": "/tmp/tmpssjvjy3i",
        "seed": null,
        "static_spawn_region": [
            [
                -8.61326082634809,
                -8.61326082634809,
                0.0
            ],
            [
                8.61326082634809,
                8.61326082634809,
                12.304658323354417
            ]
        ],
        "step_rate": 480,
        "velocity_range": [
            [
                -4.921863329341766,
                -4.921863329341766,
                0.0
            ],
            [
                4.921863329341766,
                4.921863329341766,
                0.0
            ]
        ]
    },
    "hdri_id": "courtyard",
    "lookat_end": [
        1.2163932466730678,
        3.3667025603527128,
        0.8183533562173357
    ],
    "lookat_start": [
        -0.8263597324291029,
        -2.1847947055703814,
        -0.2587942610236142
    ],
    "motion_blur": 0.0,
    "num_dynamic_objects": 2,
    "num_static_objects": 14,
    "static_assets": {
        "0": {
            "id": "Ghost_6_GTX_Color_AnthBlckSlvrFernSulphSprng_Size_80",
            "position": [
                -0.5705943833013851,
                7.275687413929857,
                6.567356106738739
            ],
            "quaternion": [
                -0.4978594190428538,
                -0.2650316734419855,
                -0.7028301162161859,
                -0.43350206306590466
            ],
            "scale": 2.6167535497323566
        },
        "1": {
            "id": "Snack_Catcher_Snack_Dispenser",
            "position": [
                -1.5695284878304072,
                6.057125540396349,
                7.0548292202786325
            ],
            "quaternion": [
                -0.365561894052105,
                0.7933831926003944,
                0.47684941527493485,
                0.09758199868928573
            ],
            "scale": 2.5971478814561904
        },
        "10": {
            "id": "Crazy_8",
            "position": [
                4.4465216335972855,
                2.7516126706381803,
                3.660529539862163
            ],
            "quaternion": [
                -0.5500355238983416,
                -0.1430516034916548,
                0.8001236156557957,
                -0.19183159504690458
            ],
            "scale": 2.2893882644795838
        },
        "11": {
            "id": "Santa_Cruz_Mens",
            "position": [
                -0.1236635673396469,
                -4.050141612140006,
                3.7174497783476164
            ],
            "quaternion": [
                -0.8141358209431349,
                -0.0004376899887244126,
                0.5385323255749894,
                -0.2171764439240946
            ],
            "scale": 1.7853886714644935
        },
        "12": {
            "id": "ASICS_GELChallenger_9_Royal_BlueWhiteBlack",
            "position": [
                -2.012614612959804,
                -6.212812653466157,
                7.366595453198765
            ],
            "quaternion": [
                0.6694669054103998,
                -0.7020478198622949,
                0.2427774433149483,
                0.001426255334294934
            ],
            "scale": 0.9781108477684283
        },
        "13": {
            "id": "Down_To_Earth_Orchid_Pot_Ceramic_Lime",
            "position": [
                -2.302663843647614,
                1.3559003153430806,
                7.1353227737343925
            ],
            "quaternion": [
                0.367108718151923,
                0.25499495471060124,
                -0.14981355895259582,
                0.8819096663961381
            ],
            "scale": 2.303607869017208
        },
        "2": {
            "id": "Embark_Lunch_Cooler_Blue",
            "position": [
                -4.034014990155478,
                1.6395138584024584,
                3.763415272555252
            ],
            "quaternion": [
                0.6671379668370724,
                -0.03275782120596,
                -0.7296528113262412,
                -0.14649448207372343
            ],
            "scale": 2.1218315255289295
        },
        "3": {
            "id": "Perricone_MD_AcylGlutathione_Eye_Lid_Serum",
            "position": [
                1.5477795026597914,
                -4.904274337129047,
                5.223371949842107
            ],
            "quaternion": [
                -0.5597793329544938,
                -0.661453218944569,
                0.4974946113931787,
                0.040321820142949674
            ],
            "scale": 1.9860515830367202
        },
        "4": {
            "id": "Remington_TStudio_Hair_Dryer",
            "position": [
                7.354718442208503,
                5.92629347814275,
                7.903273773455225
            ],