{
    "active_split": "train_split",
    "camera_end": [
        8.32712029544796,
        -13.310962750074097,
        6.949049787897096
    ],
    "camera_start": [
        8.721942014087375,
        -13.135646812109346,
        7.411312423743386
    ],
    "dynamic_assets": {
        "0": {
            "id": "Office_Depot_HP_71_Remanufactured_Ink_Cartridge_Black",
            "position": [
                3.5486742822758686,
                2.629362815278215,
                4.760400844652989
            ],
            "quaternion": [
                0.6980910021634336,
                0.46871214389729976,
                0.5411479254158739,
                -0.01169622502116889
            ],
            "scale": 1.5772331854546167,
            "velocity": [
                -2.2164172589947793,
                -1.342442138772979,
                0.0
            ]
        },
        "1": {
            "id": "Office_Depot_HP_98_Remanufactured_Ink_Cartridge_Black",
            "position": [
                8.526172326429107,
                -7.658238424934885,
                6.313668853676269
            ],
            "quaternion": [
                0.42332144248760106,
                -0.9033847042521397,
                0.06581262592422675,
                0.019071725733359163
            ],
            "scale": 1.679679857769257,
            "velocity": [
                -13.978435802481398,
                15.996084869677478,
                0.0
            ]
        },
        "2": {
            "id": "TOWER_TUMBLING",
            "position": [
                1.0680977836394803,
                7.277090404964138,
                4.2701904499332635
            ],
            "quaternion": [
                0.09073312275147852,
                0.020322820819930643,
                0.9675129435788166,
                -0.23510250402141614
            ],
            "scale": 2.284513553499357,
            "velocity": [
                3.2649636323634645,
                -12.516569694296155,
                0.0
            ]
        },
        "3": {
            "id": "Razer_Taipan_Black_Ambidextrous_Gaming_Mouse",
            "position": [
                6.573742711003057,
                3.6661956327405356,
                5.511555371376807
            ],
            "quaternion": [
                -0.712018682086514,
                0.071479245951136,
                0.6298071693998044,
                -0.30209773771189813
            ],
            "scale": 0.780561798013132,
            "velocity": [
                -10.201297936884298,
                2.116658986354542,
                0.0
            ]
        },
        "4": {
            "id": "Olive_Kids_Butterfly_Garden_Munch_n_Lunch_Bag",
            "position": [
                -9.020107947912926,
                -4.435483693606795,
                5.81099049577505
            ],
            "quaternion": [
                -0.42560899613134756,
                -0.14680105615947528,
                -0.16337290755758824,
                0.8778472107369875
            ],
            "scale": 2.268684620830482,
            "velocity": [
                15.904086819864927,
                10.877057487951861,
                0.0
            ]
        },
        "5": {
            "id": "Office_Depot_HP_96_Remanufactured_Ink_Cartridge_Black",
            "position": [
                8.121572501782605,
                -7.529554263419552,
                4.483150649009563
            ],
            "quaternion": [
                0.2512292307019413,
                -0.9178562748947384,
                0.007519823249131843,
                -0.30719242265324026
            ],
            "scale": 2.5887070641455585,
            "velocity": [
                -9.010250727299853,
                1.8803919457972782,
                0.0
            ]
        },
        "6": {
            "id": "Ecoforms_Plant_Container_Quadra_Turquoise_QP12",
            "position": [
                -4.661159107086346,
                8.230960707881781,
                7.716535121313759
            ],
            "quaternion": [
                -0.463511339040034,
                -0.5542426431090424,
                -0.06451016170114116,
                0.6883391389265252
            ],
            "scale": 1.6778247616368958,
            "velocity": [
                -0.8731318867422146,
                -3.403694513336072,
                0.0
            ]
        },
        "7": {
            "id": "LEGO_5887_Dino_Defense_HQ",
            "position": [
                -5.601628667597354,
                -8.465016262986675,
                7.090358663101062
            ],
            "quaternion": [
                -0.24514481614372896,
                -0.7243696913986343,
                0.6382069645895029,
                -0.08879436722201262
            ],
            "scale": 1.3739549567732872,
            "velocity": [
                11.923530819339556,
                6.133991253055966,
                0.0
            ]
        },
        "8": {
            "id": "OVAL_XYLOPHONE",
            "position": [
                -7.780588154149898,
                -3.1121542565970053,
                4.409285859023344
            ],
            "quaternion": [
                0.05418347039836874,
                0.5818664124200736,
                -0.7674567082485519,
                -0.2636395846554134
            ],
            "scale": 2.798713554649682,
            "velocity": [
                11.047962980662557,
                3.9048913128080027,
                0.0
            ]
        }
    },
    "flags": {
        "assets_path": null,
        "backgrounds_split": "train",
        "camera": "linear_movement",
        "camera_inner_radius": 13.649171084270924,
        "camera_outer_radius": 18.649171084270925,
        "config_path": null,
        "dynamic_spawn_region": [
            [
                -10.649171084270925,
                -10.649171084270925,
                2.129834216854185
            ],
            [
                10.649171084270925,
                10.649171084270925,
                10.649171084270925
            ]
        ],
        "floor_friction": 0.3,
        "floor_restitution": 0.5,
        "frame_end": 21,
        "frame_rate": 12,
        "frame_start": 1,
        "gso_assets": "gs://kubric-public/assets/GSO/GSO.json",
        "hdri_assets": "gs://kubric-public/assets/HDRI_haven/HDRI_haven.json",
        "job_dir": "output/kubrick_nk_candidates/049",
        "key_outputs": [
            "rgba",
            "forward_flow"
        ],
        "kubasic_assets": "gs://kubric-public/assets/KuBasic/KuBasic.json",
        "logging_level": "INFO",
        "max_camera_movement": 10.0,
        "max_motion_blur": 0.0,
        "max_num_dynamic_objects": 10.649171084270925,
        "max_num_static_objects": 42.5966843370837,
        "min_camera_movement": 0.0,
        "min_motion_blur": 0.0,
        "min_num_dynamic_objects": 2.129834216854185,
        "min_num_static_objects": 21.29834216854185,
        "objects_split": "train",
        "random_flags": true,
        "resolution": "960x540",
        "save_state": false,
        "scratch_dir": "/tmp/tmptzvuu8gy",
        "seed": null,
        "static_spawn_region": [
            [
                -14.908839517979295,
                -14.908839517979295,
                0.0
            ],
            [
                14.908839517979295,
                14.908839517979295,
                21.29834216854185
            ]
        ],
        "step_rate": 480,
        "velocity_range": [
            [
                -8.51933686741674,
                -8.51933686741674,
                0.0
            ],
            [
                8.51933686741674,
                8.51933686741674,
                0.0
            ]
        ]
    },
    "hdri_id": "xanderklinge",
    "motion_blur": 0.0,
    "num_dynamic_objects": 9,