{
    "active_split": "train_split",
    "camera_end": [
        -7.334359243446097,
        13.702188606781998,
        3.426457194681658
    ],
    "camera_start": [
        -12.21313728980687,
        10.44974542954256,
        5.023635001216198
    ],
    "dynamic_assets": {
        "0": {
            "id": "Reebok_CLASSIC_LEGACY_II",
            "position": [
                -6.2634729882963445,
                -4.399359983664409,
                10.0698343603609
            ],
            "quaternion": [
                -0.11521722725307101,
                0.6432283733840105,
                0.7102102178649076,
                0.2618848920005784
            ],
            "scale": 2.074969482619192,
            "velocity": [
                1.6694386811438093,
                1.7009390747803135,
                0.0
            ]
        },
        "1": {
            "id": "Ecoforms_Pot_Nova_6_Turquoise",
            "position": [
                -9.960866414892877,
                -7.0379709205465435,
                9.578663528002092
            ],
            "quaternion": [
                0.5707957678815966,
                -0.5529180826958935,
                0.5231968815694644,
                -0.3077966996449818
            ],
            "scale": 1.8055814112104285,
            "velocity": [
                5.501506338543139,
                5.106236178935678,
                0.0
            ]
        },
        "2": {
            "id": "Santa_Cruz_Mens",
            "position": [
                7.410920554177556,
                -10.191949755430077,
                4.335284962177748
            ],
            "quaternion": [
                -0.8450867893565948,
                -0.15212530808023592,
                0.3127315772866694,
                0.40606054925866375
            ],
            "scale": 2.8705671574719034,
            "velocity": [
                -4.462750456602347,
                14.583609879013148,
                0.0
            ]
        },
        "3": {
            "id": "Melissa_Doug_Felt_Food_Pizza_Set",
            "position": [
                8.865022857167112,
                4.010155754496349,
                8.01256376326377
            ],
            "quaternion": [
                -0.25231739388842495,
                -0.49098255556554854,
                -0.6258722544579141,
                0.550959149094962
            ],
            "scale": 1.582080651665781,
            "velocity": [
                -16.017634375328207,
                2.4236677293026663,
                0.0
            ]
        }
    },
    "flags": {
        "assets_path": null,
        "backgrounds_split": "train",
        "camera": "linear_movement",
        "camera_inner_radius": 14.481765345765764,
        "camera_outer_radius": 19.481765345765766,
        "config_path": null,
        "dynamic_spawn_region": [
            [
                -11.481765345765766,
                -11.481765345765766,
                2.2963530691531533
            ],
            [
                11.481765345765766,
                11.481765345765766,
                11.481765345765766
            ]
        ],
        "floor_friction": 0.3,
        "floor_restitution": 0.5,
        "frame_end": 21,
        "frame_rate": 24,
        "frame_start": 1,
        "gso_assets": "gs://kubric-public/assets/GSO/GSO.json",
        "hdri_assets": "gs://kubric-public/assets/HDRI_haven/HDRI_haven.json",
        "job_dir": "output/kubrick_nk_candidates/070",
        "key_outputs": [
            "rgba",
            "forward_flow"
        ],
        "kubasic_assets": "gs://kubric-public/assets/KuBasic/KuBasic.json",
        "logging_level": "INFO",
        "max_camera_movement": 10.0,
        "max_motion_blur": 0.0,
        "max_num_dynamic_objects": 11.481765345765766,
        "max_num_static_objects": 45.92706138306306,
        "min_camera_movement": 0.0,
        "min_motion_blur": 0.0,
        "min_num_dynamic_objects": 2.2963530691531533,
        "min_num_static_objects": 22.96353069153153,
        "objects_split": "train",
        "random_flags": true,
        "resolution": "960x540",
        "save_state": false,
        "scratch_dir": "/tmp/tmp93wvpqdl",
        "seed": null,
        "static_spawn_region": [
            [
                -16.074471484072074,
                -16.074471484072074,
                0.0
            ],
            [
                16.074471484072074,
                16.074471484072074,
                22.96353069153153
            ]
        ],
        "step_rate": 120,
        "velocity_range": [
            [
                -9.185412276612613,
                -9.185412276612613,
                0.0
            ],
            [
                9.185412276612613,
                9.185412276612613,
                0.0
            ]
        ]
    },
    "hdri_id": "between_bridges",
    "motion_blur": 0.0,
    "num_dynamic_objects": 4,
    "num_static_objects": 25,
    "static_assets": {
        "0": {
            "id": "Crayola_Bonus_64_Crayons",
            "position": [
                8.749011865693522,
                5.765988599887429,
                10.761544292378414
            ],
            "quaternion": [
                -0.0180069094830176,
                -0.5998705844476186,
                -0.5184365596691046,
                -0.6091424847470465
            ],
            "scale": 1.3149754606921866
        },
        "1": {
            "id": "Office_Depot_HP_96_Remanufactured_Ink_Cartridge_Black",
            "position": [
                5.782772103802472,
                10.098029236821509,
                4.673608627833036
            ],
            "quaternion": [
                -0.9434185830602629,
                0.20477044905957603,
                -0.25447753789257843,
                0.05719810343566068
            ],
            "scale": 2.569299467218551
        },
        "10": {
            "id": "Sootheze_Toasty_Orca",
            "position": [
                -13.126337706837157,
                -11.005009466278674,
                10.182150699126238
            ],
            "quaternion": [
                0.8143584661336357,
                0.02929962403870442,
                0.024490688223122056,
                -0.5791045042632811
            ],
            "scale": 2.7315227838905076
        },
        "11": {
            "id": "Olive_Kids_Game_On_Munch_n_Lunch",
            "position": [
                5.174579630545953,
                0.7626638539330237,
                8.038944552474987
            ],
            "quaternion": [
                -0.24586343438189345,
                0.4329612546350535,
                -0.14915374116806357,
                0.8543119366568345
            ],
            "scale": 1.629743754148469
        },
        "12": {
            "id": "Reebok_ULTIMATIC_2V",
            "position": [
                6.1867245475947215,
                6.590656750973729,
                7.988804661023077
            ],
            "quaternion": [
                -0.9456729066591277,
                -0.3074890819194658,
                -0.10402957552152267,
                0.018195206182193852
            ],
            "scale": 2.177796426357337
        },
        "13": {
            "id": "Reebok_SH_PRIME_COURT_MID",
            "position": [
                -2.63151276908086,
                -9.83095564319293,
                7.524379788062296
            ],
            "quaternion": [
                0.4755999384867033,
                -0.8449573785297192,
                0.19773538761991985,
                0.14405708404111497
            ],
            "scale": 1.3273658557050276
        },
        "14": {
            "id": "Big_O_Sponges_Assorted_Cellulose_12_pack",
            "position": [
                -0.3361589457018894,
                -13.33734547111997,
                7.534602708023665
            ],