{
    "active_split": "train_split",
    "camera_end": [
        -4.847364187415978,
        10.537955147422856,
        10.350370871326977
    ],
    "camera_start": [
        -3.235969855551069,
        12.232701869056243,
        8.84370904831171
    ],
    "dynamic_assets": {
        "0": {
            "id": "Perricone_MD_High_Potency_Evening_Repair",
            "position": [
                -6.760506400978835,
                -3.1370722573512446,
                2.98856328095966
            ],
            "quaternion": [
                -0.4989683073921885,
                0.2936773843538115,
                0.7261469418118877,
                0.3708029679418994
            ],
            "scale": 1.2145947744313264,
            "velocity": [
                5.194238359724395,
                7.93422496909091,
                0.0
            ]
        },
        "1": {
            "id": "RESCUE_CREW",
            "position": [
                -2.6563542800546838,
                5.048511852601067,
                5.388052063073127
            ],
            "quaternion": [
                -0.6447336008196437,
                0.7576952901486103,
                0.10075106958397304,
                -0.00810266859961599
            ],
            "scale": 0.7552484840904048,
            "velocity": [
                8.656364480123173,
                -7.12899281939304,
                0.0
            ]
        }
    },
    "flags": {
        "assets_path": null,
        "backgrounds_split": "train",
        "camera": "linear_movement",
        "camera_inner_radius": 10.62734771781528,
        "camera_outer_radius": 15.62734771781528,
        "config_path": null,
        "dynamic_spawn_region": [
            [
                -7.6273477178152795,
                -7.6273477178152795,
                1.5254695435630559
            ],
            [
                7.6273477178152795,
                7.6273477178152795,
                7.6273477178152795
            ]
        ],
        "floor_friction": 0.3,
        "floor_restitution": 0.5,
        "frame_end": 21,
        "frame_rate": 24,
        "frame_start": 1,
        "gso_assets": "gs://kubric-public/assets/GSO/GSO.json",
        "hdri_assets": "gs://kubric-public/assets/HDRI_haven/HDRI_haven.json",
        "job_dir": "output/kubrick_nk_candidates/001",
        "key_outputs": [
            "rgba",
            "forward_flow"
        ],
        "kubasic_assets": "gs://kubric-public/assets/KuBasic/KuBasic.json",
        "logging_level": "INFO",
        "max_camera_movement": 10.0,
        "max_motion_blur": 0.0,
        "max_num_dynamic_objects": 7.6273477178152795,
        "max_num_static_objects": 30.509390871261118,
        "min_camera_movement": 0.0,
        "min_motion_blur": 0.0,
        "min_num_dynamic_objects": 1.5254695435630559,
        "min_num_static_objects": 15.254695435630559,
        "objects_split": "train",
        "random_flags": true,
        "resolution": "960x540",
        "save_state": false,
        "scratch_dir": "/tmp/tmp74g3eap9",
        "seed": null,
        "static_spawn_region": [
            [
                -10.678286804941392,
                -10.678286804941392,
                0.0
            ],
            [
                10.678286804941392,
                10.678286804941392,
                15.254695435630559
            ]
        ],
        "step_rate": 480,
        "velocity_range": [
            [
                -6.1018781742522235,
                -6.1018781742522235,
                0.0
            ],
            [
                6.1018781742522235,
                6.1018781742522235,
                0.0
            ]
        ]
    },
    "hdri_id": "lebombo",
    "motion_blur": 0.0,
    "num_dynamic_objects": 2,
    "num_static_objects": 20,
    "static_assets": {
        "0": {
            "id": "Tune_Belt_Sport_Armband_For_Samsung_Galaxy_S3",
            "position": [
                -6.120945084174036,
                3.762354631324868,
                9.70972017939186
            ],
            "quaternion": [
                0.9508596724473224,
                -0.28800460950851886,
                -0.11244141227435951,
                0.016617972829554392
            ],
            "scale": 1.7893607392797382
        },
        "1": {
            "id": "Crayola_Washable_Sidewalk_Chalk_16_pack_wDZECiw7J6s",
            "position": [
                6.523665593453098,
                -1.8998091627560756,
                8.61277713801878
            ],
            "quaternion": [
                0.4803237096711889,
                0.3244285673882486,
                0.7795551798192751,
                -0.2373372288686576
            ],
            "scale": 1.8091460096779188
        },
        "10": {
            "id": "Great_Dinos_Triceratops_Toy",
            "position": [
                0.9719617177576474,
                2.2064495317543074,
                4.109623232559835
            ],
            "quaternion": [
                0.3131759600847189,
                0.46008455484945343,
                0.830483752044456,
                0.023232692572268104
            ],
            "scale": 1.1755979447879668
        },
        "11": {
            "id": "Ecoforms_Plant_Container_S14Turquoise",
            "position": [
                -6.051815572118356,
                6.640520684351355,
                13.283377420727254
            ],
            "quaternion": [
                0.4712075492348298,
                0.1759330791605628,
                -0.2021214899227546,
                0.8403320180218021
            ],
            "scale": 2.4137233192860537
        },
        "12": {
            "id": "Clorox_Premium_Choice_Gloves_SM_1_pair",
            "position": [
                6.736829779876537,
                -6.182983439425421,
                4.029695613653863
            ],
            "quaternion": [
                -0.5341805500309564,
                -0.22514424449601134,
                -0.8041606003004083,
                -0.13147980097122253
            ],
            "scale": 1.007936985867102
        },
        "13": {
            "id": "Marvel_Avengers_Titan_Hero_Series_Doctor_Doom",
            "position": [
                5.093105432074719,
                8.19205885427782,
                5.065374394038686
            ],
            "quaternion": [
                -0.05675759884091904,
                -0.6002682914715234,
                0.5508080550933881,
                -0.5771196060366608
            ],
            "scale": 1.7074380465909282
        },
        "14": {
            "id": "FRACTION_FUN_n4h4qte23QR",
            "position": [
                2.4337556143173025,
                -8.65171655116302,
                8.851485347160404
            ],
            "quaternion": [
                0.020043633052018874,
                0.5807298097640983,
                -0.5383052165675118,
                0.6103921973957682
            ],
            "scale": 1.5944070283189946
        },
        "15": {
            "id": "Womens_Suede_Bahama_in_Graphite_Suede_p1KUwoWbw7R",
            "position": [
                -0.12346923256673215,
                5.383209047070629,
                2.0186429198980687
            ],
            "quaternion": [
                -0.48166834224686805,
                -0.32476893935769785,
                -0.726178138598147,
                -0.36767656320162767
            ],
            "scale": 2.1100098350004153
        },
        "16": {
            "id": "Reebok_GL_6000",
            "position": [
                -5.497295288777654,
                0.9568805496937589,
                12.096454299473391
            ],
            "quaternion": [
                -0.32851302895213635,
                0.7091973615752059,
                0.26886300220789533,
                0.5628774095548842
            ],
            "scale": 2.7771720821231085
        },