{
    "active_split": "train_split",
    "camera_end": [
        -5.12874797508854,
        -2.5388490122486225,
        14.416891433844908
    ],
    "camera_start": [
        -5.2292853441086695,
        -1.5218237083889843,
        13.388193413768361
    ],
    "dynamic_assets": {
        "0": {
            "id": "Timberland_Mens_Earthkeepers_Stormbuck_Chukka",
            "position": [
                -7.88334155597965,
                -6.262484903970371,
                3.6506171920749724
            ],
            "quaternion": [
                0.7757130666648854,
                0.2055086838583878,
                -0.38571550838543933,
                -0.45525703251582444
            ],
            "scale": 1.4415810390461758,
            "velocity": [
                7.891480935079478,
                0.1961784499107173,
                0.0
            ]
        },
        "1": {
            "id": "Crayola_Washable_Sidewalk_Chalk_16_pack",
            "position": [
                0.00042372376648636134,
                1.438462285061866,
                4.768056215255801
            ],
            "quaternion": [
                0.0908735724018775,
                -0.5185274161534402,
                -0.21001530048893324,
                0.8238718869440205
            ],
            "scale": 2.747064334881886,
            "velocity": [
                3.501936864023837,
                -3.743818479533066,
                0.0
            ]
        },
        "2": {
            "id": "Perricone_MD_Blue_Plasma_Orbital",
            "position": [
                -3.9193304971257947,
                0.05874008974594069,
                5.90212979255765
            ],
            "quaternion": [
                -0.821577956897102,
                0.5235729677220526,
                0.06707178887194545,
                0.21536569677881165
            ],
            "scale": 2.8073618913833265,
            "velocity": [
                4.886158677099798,
                2.401727187320394,
                0.0
            ]
        },
        "3": {
            "id": "Reebok_R_CROSSFIT_OLY_UFORM",
            "position": [
                -0.31904638786133965,
                7.274065496114492,
                6.569101466365646
            ],
            "quaternion": [
                -0.44934500816263756,
                0.0982218026142629,
                0.8646340657795435,
                -0.20211252663815765
            ],
            "scale": 1.0056061284251476,
            "velocity": [
                0.1789184356728093,
                -0.32395527093965004,
                0.0
            ]
        },
        "4": {
            "id": "Schleich_Lion_Action_Figure",
            "position": [
                -2.8591342869753493,
                7.7628695276713096,
                6.592131712971291
            ],
            "quaternion": [
                -0.18071050739820563,
                0.4878705964689061,
                0.6115847319594273,
                0.5960621689480656
            ],
            "scale": 1.5238119250057265,
            "velocity": [
                -3.9115592886263615,
                -13.923054661499354,
                0.0
            ]
        }
    },
    "flags": {
        "assets_path": null,
        "backgrounds_split": "train",
        "camera": "linear_movement_linear_lookat",
        "camera_inner_radius": 11.741059680959161,
        "camera_outer_radius": 16.74105968095916,
        "config_path": null,
        "dynamic_spawn_region": [
            [
                -8.741059680959161,
                -8.741059680959161,
                1.7482119361918322
            ],
            [
                8.741059680959161,
                8.741059680959161,
                8.741059680959161
            ]
        ],
        "floor_friction": 0.3,
        "floor_restitution": 0.5,
        "frame_end": 21,
        "frame_rate": 12,
        "frame_start": 1,
        "gso_assets": "gs://kubric-public/assets/GSO/GSO.json",
        "hdri_assets": "gs://kubric-public/assets/HDRI_haven/HDRI_haven.json",
        "job_dir": "output/kubrick_nk_candidates/024",
        "key_outputs": [
            "rgba",
            "forward_flow"
        ],
        "kubasic_assets": "gs://kubric-public/assets/KuBasic/KuBasic.json",
        "logging_level": "INFO",
        "max_camera_movement": 10.0,
        "max_motion_blur": 0.0,
        "max_num_dynamic_objects": 8.741059680959161,
        "max_num_static_objects": 34.964238723836644,
        "min_camera_movement": 0.0,
        "min_motion_blur": 0.0,
        "min_num_dynamic_objects": 1.7482119361918322,
        "min_num_static_objects": 17.482119361918322,
        "objects_split": "train",
        "random_flags": true,
        "resolution": "960x540",
        "save_state": false,
        "scratch_dir": "/tmp/tmprmmaba0i",
        "seed": null,
        "static_spawn_region": [
            [
                -12.237483553342825,
                -12.237483553342825,
                0.0
            ],
            [
                12.237483553342825,
                12.237483553342825,
                17.482119361918322
            ]
        ],
        "step_rate": 480,
        "velocity_range": [
            [
                -6.992847744767329,
                -6.992847744767329,
                0.0
            ],
            [
                6.992847744767329,
                6.992847744767329,
                0.0
            ]
        ]
    },
    "hdri_id": "ballroom",
    "lookat_end": [
        0.11978609968316214,
        0.09773128405065823,
        0.6845713824063749
    ],
    "lookat_start": [
        1.7466913948593348,
        -2.3806773864605244,
        0.693835421396233
    ],
    "motion_blur": 0.0,
    "num_dynamic_objects": 5,
    "num_static_objects": 22,
    "static_assets": {
        "0": {
            "id": "Corningware_CW_by_Corningware_3qt_Oblong_Casserole_Dish_Blue",
            "position": [
                8.570829382340497,
                -6.646035639710107,
                14.807715095286044
            ],
            "quaternion": [
                -0.05636908851950197,
                -0.07285324628301229,
                0.72478700040474,
                0.6827874738231559
            ],
            "scale": 2.2111879484653554
        },
        "1": {
            "id": "Office_Depot_Canon_CL211XL_Remanufactured_Ink_Cartridge_TriColor",
            "position": [
                11.372384460273352,
                -4.51027597631016,
                1.19019889875592
            ],
            "quaternion": [
                0.7689494777303221,
                -0.06011599807272721,
                0.32901071256188813,
                -0.5448437560379153
            ],
            "scale": 1.380368285762298
        },
        "10": {
            "id": "PhosphOmega",
            "position": [
                8.056705109087522,
                -7.407554901260053,
                9.74627950747888
            ],
            "quaternion": [
                -0.14921930796716235,
                0.12116211202477468,
                -0.9025239777431062,
                -0.3853619212354254
            ],
            "scale": 0.8420158962226338
        },
        "11": {
            "id": "Tag_Dishtowel_18_x_26",
            "position": [
                -1.2180271178352609,
                -0.037510463565174845,
                8.949801952764187
            ],
            "quaternion": [
                0.054258617731367774,
                -0.47898766291169365,
                -0.12814285969968472,
                0.8667215404547541
            ],
            "scale": 2.3455946143821134
        },
        "12": {
            "id": "Metallic_Gold_Tieks_Italian_Leather_Ballet_Flats",
            "position": [
                -10.635730080614684,
                9.742870928830637,
                7.171553647252939
            ],